{
  "model_type": "ARIMA",
  "params": [
    2,
    1,
    2
  ],
  "metrics": {
    "mae": 30.15176981269504,
    "rmse": 39.624412536246346,
    "mape": 9.094558956795296,
    "r2": -0.09255181150038871
  },
  "trained_at": "2026-02-02T10:30:27.785201"
}