{
  "metrics": {
    "random_forest": {
      "mae": 7.840581263283107,
      "rmse": 11.118830289864443,
      "mape": 1.5097669071289155,
      "r2": 0.9799838222960526
    },
    "gradient_boosting": {
      "mae": 6.515688986479614,
      "rmse": 9.886868260154912,
      "mape": 1.2546565566925723,
      "r2": 0.9841736618884082
    },
    "prophet": {
      "mae": 54.534270193770126,
      "rmse": 63.677566025160424,
      "mape": 11.338623634424748,
      "r2": 0.343498300544706
    },
    "ensemble": {
      "mae": 7.371105446104737,
      "rmse": 10.4077462096402,
      "mape": 1.4518430327724012,
      "r2": 0.9824621507758892
    }
  },
  "weights": {
    "random_forest": 0.42605546376317466,
    "gradient_boosting": 0.5126890637709528,
    "prophet": 0.061255472465872575
  },
  "trained_at": "2026-02-04T09:58:39.898599"
}