{
  "model_type": "Prophet",
  "metrics": {
    "mae": 84.93014912097446,
    "rmse": 93.23798528926442,
    "mape": 18.05741964251993,
    "r2": -0.6802860163941884
  },
  "trained_at": "2026-02-04T09:56:19.238407"
}