{
  "comparison_date": "2026-02-04T09:56:19.481797",
  "test_size": 60,
  "results": {
    "Prophet": {
      "mae": 65.34272429429232,
      "rmse": 76.6713329079515,
      "mape": 13.75900206777244,
      "r2": 0.04823666179802133
    },
    "ARIMA": {
      "mae": 61.6757514146901,
      "rmse": 76.90511929641856,
      "mape": 13.436977182259152,
      "r2": 0.042423575133337166
    },
    "RandomForest": {
      "mae": 31.20275449969942,
      "rmse": 37.50584755266209,
      "mape": 6.2211709301490465,
      "r2": 0.7722486745602721
    }
  }
}