{
  "split": "80/20",
  "train_ratio": 0.8,
  "test_ratio": 0.2,
  "total_days": 2192,
  "comparison_date": "2026-02-04T12:07:20.914061",
  "models": {
    "Prophet": {
      "metrics": {
        "mae": 48.632,
        "rmse": 61.8496,
        "mape": 10.6006,
        "r2": 0.6172
      }
    },
    "ARIMA": {
      "metrics": {
        "mae": 86.6256,
        "rmse": 104.6617,
        "mape": 20.6175,
        "r2": -0.0962
      },
      "order": [
        1,
        1,
        1
      ]
    },
    "Random Forest": {
      "metrics": {
        "mae": 20.3215,
        "rmse": 26.5049,
        "mape": 4.3255,
        "r2": 0.9297
      },
      "top_features": {
        "ma_7": 0.1392040011059264,
        "lag_7": 0.1377170491122825,
        "ma_14": 0.08934915081956597,
        "lag_1": 0.08145378809324229,
        "lag_14": 0.07830259656595584,
        "trend_30d": 0.0602117381328604,
        "trend_7d": 0.04977911277543199,
        "ma_30": 0.043291177114089585,
        "lag_21": 0.043159029195814456,
        "day_of_week": 0.03610181622090043
      }
    },
    "Gradient Boosting": {
      "metrics": {
        "mae": 5.3357,
        "rmse": 9.6183,
        "mape": 1.0758,
        "r2": 0.9907
      },
      "top_features": {
        "lag_7": 0.6800803124873832,
        "trend_7d": 0.23608235860104018,
        "ma_7": 0.04828236691019063,
        "lag_1": 0.014944540334907585,
        "is_weekend": 0.006151595512457819,
        "sin_day_week": 0.005933022185230829,
        "day_of_week": 0.001576610403121059,
        "ma_14": 0.0009118682656666944,
        "std_7": 0.0008269958523023409,
        "trend_30d": 0.0007942328041231087
      }
    }
  }
}