{
  "monthly_factors": {
    "1": 1.1115995115727058,
    "2": 1.0087641911569005,
    "3": 0.9876661144913346,
    "4": 0.9093016650784542,
    "5": 0.9278345804971098,
    "6": 1.026455719196924,
    "7": 0.9777645821989571,
    "8": 0.8855067031145287,
    "9": 1.022333991299544,
    "10": 1.022016454008019,
    "11": 1.0269891192777614,
    "12": 1.0937673681077602
  },
  "weekly_factors": {
    "0": 1.1009740037141413,
    "1": 1.0100183141279704,
    "2": 0.9910899972518721,
    "3": 1.0100209788870758,
    "4": 1.0011513282053979,
    "5": 0.9654768656844543,
    "6": 0.921268512129089
  }
}